strategy,n_approved,approval_rate,total_volume,weighted_pd,actual_default_rate,expected_profit,realized_profit,roi_expected_pct,roi_realized_pct,issue_month,n_loans_in_month,cumulative_realized_profit
Approve All,16395,100.0,237746100.0,0.2447355328946069,22.689844464775845,8318030.52926682,7850286.962776174,3.4987032507649207,3.3019624560723284,2017-01-01,16395,7850286.962776174
Approve All,13468,100.0,197320800.0,0.24773536282477032,23.21799821799822,6318873.3852419285,5555053.61333501,3.202335174620176,2.8152397584719955,2017-02-01,13468,13405340.576111183
Approve All,17011,100.0,245642400.0,0.24465946004622166,22.949855975545237,7325663.497984463,5487663.826638162,2.9822471600930713,2.2340051337383784,2017-03-01,17011,18893004.402749345
Approve All,13104,100.0,188263575.0,0.2509722595845797,23.80189255189255,5568333.446052406,3965015.7617637366,2.95773276697439,2.1060981986365324,2017-04-01,13104,22858020.16451308
Approve All,16153,100.0,227332400.0,0.251429686125873,23.94601621989723,6563315.767554453,4472053.047152045,2.887100900511521,1.9671868361711948,2017-05-01,16153,27330073.211665127
Approve All,15235,100.0,213858925.0,0.2527486801859834,23.65605513619954,6889006.757105406,5725929.488527155,3.221285600825594,2.677433026714763,2017-06-01,15235,33056002.70019228
Approve All,14959,100.0,207043250.0,0.2595932270361495,24.07246473694766,7103035.102516741,5310989.821231591,3.430701122841117,2.5651596085511557,2017-07-01,14959,38366992.52142388
Approve All,15489,100.0,212119275.0,0.25053504012534433,22.90012266769966,6511499.327527579,6071198.769170813,3.069734859091697,2.862162700287757,2017-08-01,15489,44438191.29059468
Approve All,13406,100.0,196051350.0,0.27308891890118214,24.98881098015814,6971580.702551188,5644384.227377731,3.5559972948674865,2.8790335936874354,2017-09-01,13406,50082575.51797242
Approve All,11926,100.0,171161425.0,0.25726911383925166,22.21197383867181,5227224.19842261,4904845.453767263,3.0539732877443675,2.8656255074805923,2017-10-01,11926,54987420.97173968
Approve All,12112,100.0,174885625.0,0.25324237595883586,20.904887714663147,3781681.921549252,5275571.577681825,2.162374364130415,3.01658388314181,2017-11-01,12112,60262992.549421504
Approve All,10063,100.0,150077350.0,0.26512388404591436,21.345523203815958,2383132.9515553955,4142342.6151003577,1.5879364551382307,2.7601384320154625,2017-12-01,10063,64405335.164521866
BIP Optimal,6222,37.95059469350412,92874825.0,0.19563927910922307,19.65605914496946,8430009.034666024,7272250.042615868,9.076742846800546,7.830162848345468,2017-01-01,16395,7272250.042615868
BIP Optimal,5086,37.763587763587765,76590075.0,0.19646215171358894,20.52693668895006,6816828.059695318,5268872.924412226,8.900406560112806,6.87931553065097,2017-02-01,13468,12541122.967028094
BIP Optimal,6520,38.32814061489624,96511525.0,0.19225045076642866,19.92331288343558,8090154.869719904,5578861.328158742,8.38257904402599,5.780513081892283,2017-03-01,17011,18119984.295186836
BIP Optimal,5017,38.28601953601954,71981025.0,0.1960227326153913,20.709587402830376,6078543.423125232,4257293.273051352,8.444646937335543,5.914466031917929,2017-04-01,13104,22377277.568238188
BIP Optimal,6081,37.646257661115584,88716350.0,0.198756725715635,20.046045058378557,7531317.671502562,5436262.915012273,8.489210468535465,6.127690008676273,2017-05-01,16153,27813540.48325046
BIP Optimal,5773,37.893009517558255,82670325.0,0.20426773390714542,21.098215832322882,7558820.21961473,5887825.050327897,9.143329507431753,7.122053832893359,2017-06-01,15235,33701365.53357836
BIP Optimal,5742,38.384918777993185,79875150.0,0.20825442924934556,20.81156391501219,7612344.217825976,5836470.358596092,9.53030350218557,7.306991421732658,2017-07-01,14959,39537835.89217445
BIP Optimal,5938,38.336884240428695,82879525.0,0.1975930506586211,20.208824520040416,7253304.260854546,5656618.836792015,8.751623830921504,6.825110106256056,2017-08-01,15489,45194454.72896647
BIP Optimal,5123,38.21423243323885,74247950.0,0.218716088571508,22.1745071247316,7600241.265170692,5488850.085392869,10.236297790269887,7.392594792708579,2017-09-01,13406,50683304.81435934
BIP Optimal,4839,40.57521381854771,67607825.0,0.2051501418551603,20.851415581731764,6020524.70694908,3957069.379599197,8.905070836029823,5.852975420521511,2017-10-01,11926,54640374.19395853
BIP Optimal,4766,39.349405548216644,66600425.0,0.1928841617596378,18.778850188837602,5207662.278375437,4308692.47355221,7.819262832595192,6.469466934411019,2017-11-01,12112,58949066.66751074
BIP Optimal,3912,38.87508695220113,54538675.0,0.19530428160477856,17.63803680981595,3917143.179703866,3490597.839287394,7.182321865545626,6.400224866642606,2017-12-01,10063,62439664.50679813
PD Threshold (<0.30),11936,72.80268374504422,157738250.0,0.17245809619543154,17.12466487935657,4732178.168814059,3657566.97448739,3.000019442851724,2.3187571654227113,2017-01-01,16395,3657566.97448739
PD Threshold (<0.30),9712,72.1116721116721,128892250.0,0.17360751015425074,17.318780889621088,3523723.0722301416,3075170.901602586,2.7338517810265097,2.3858462410289105,2017-02-01,13468,6732737.876089975
PD Threshold (<0.30),12448,73.17618011874669,163200475.0,0.17178918382254008,16.926413881748072,4228140.129109355,3217605.7736644726,2.590764597412694,1.9715664269141817,2017-03-01,17011,9950343.649754448
PD Threshold (<0.30),9398,71.71855921855922,120509850.0,0.1725999679943457,17.631410938497552,3069740.398365576,2042672.7813288812,2.5472941824801674,1.6950255778501768,2017-04-01,13104,11993016.431083329
PD Threshold (<0.30),11596,71.78852225592769,146505575.0,0.17448478407780113,17.661262504311832,3743234.8328517964,2768282.0650809407,2.5550118709487992,1.8895404253940102,2017-05-01,16153,14761298.49616427
PD Threshold (<0.30),10933,71.76238923531344,136200750.0,0.17204511484025772,17.442604957468216,3472709.0831093905,2529422.831480352,2.5496989430009673,1.85712841631221,2017-06-01,15235,17290721.327644624
PD Threshold (<0.30),10629,71.05421485393408,128286450.0,0.17381447638060013,17.480477937717566,3421510.2105315104,2599518.0032762177,2.6670862047640345,2.0263387156447292,2017-07-01,14959,19890239.33092084
PD Threshold (<0.30),11346,73.25198527987604,137245900.0,0.1731631932740837,17.160232681121098,3835890.845006996,3104940.828607455,2.7949037785514874,2.2623195509719816,2017-08-01,15489,22995180.159528296
PD Threshold (<0.30),8890,66.31359092943458,111936625.0,0.17369816970610666,17.17660292463442,3242371.877779943,2506630.1689580213,2.8966139346973727,2.2393297716078373,2017-09-01,13406,25501810.328486316
PD Threshold (<0.30),8443,70.7949018950193,105240075.0,0.1692837111844839,15.871135852185242,2603919.6765808146,1966053.6078947098,2.474266268416109,1.8681605917657413,2017-10-01,11926,27467863.936381027
PD Threshold (<0.30),8742,72.17635402906208,110686100.0,0.168283846625325,15.454129489819262,2399039.1354369735,2075337.6586107565,2.1674258424833592,1.8749758629229476,2017-11-01,12112,29543201.59499178
PD Threshold (<0.30),6963,69.19407731292854,88725525.0,0.16811722809107227,14.706304753698118,1731019.2901741266,1770238.5972530255,1.9509823020761234,1.9951852606710703,2017-12-01,10063,31313440.19224481
